variant	Chromosome	Pos	Ref	Alt	gene_id	gene_name
chr1_150558904_T_C	chr1	150558903	T	C	ENSG00000237781	AL356356.1
chr1_20508117_C_A	chr1	20508116	C	A	ENSG00000090432	MUL1
chr1_230714140_T_G	chr1	230714139	T	G	ENSG00000135744	AGT
chr1_52927236_A_G	chr1	52927235	A	G	ENSG00000116171	SCP2
chr10_100065197_G_A	chr10	100065196	G	A	ENSG00000095485	CWF19L1
chr10_110447570_G_A	chr10	110447569	G	A	ENSG00000273143	AL355512.1
chr10_119538900_T_C	chr10	119538899	T	C	ENSG00000148908	RGS10
chr11_125363694_A_G	chr11	125363693	A	G	ENSG00000134955	SLC37A2
chr11_1852991_C_T	chr11	1852990	C	T	ENSG00000130592	LSP1
